acd_name,correct_openalex_id,note
Dr Diona Lee Damian,A5109680281,Split profile: A5109680281 (59 works h=30) is more complete than A5040089794 (48 works h=18). Both at University of Sydney. Use the higher-work-count profile.
Dr Hans Peter Soyer,A5033462323,"Correct profile: H. Peter Soyer, 1217 works, h=87, UQ dermatology"
Prof Deirdre Frances Murrell,A5000758369,"Correct profile: Dedee F. Murrell, 779 works, h=69, UNSW dermatology"
Prof Rodney Daniel Sinclair,A5035044854,"Correct profile: Rodney Sinclair, 847 works, h=76, Melbourne dermatology"
Dr Dana Rose-Marie Louise Slape,A5007841453,"Smart re-resolution. works=3, h=2, au_nz=True, derm=True, cross_verified=True, score=100"
Dr Rosemary Louise Nixon,A5068020081,"Smart re-resolution. works=276, h=37, au_nz=True, derm=True, cross_verified=False, score=100"
Dr Leith Banney,A5066107659,"Smart re-resolution. works=25, h=9, au_nz=True, derm=True, cross_verified=True, score=100"
Dr Ilsphi  Browne,A5108998151,"Smart re-resolution. works=2, h=1, au_nz=True, derm=True, cross_verified=False, score=100"
Dr Kanika  Sahni,A5106652350,"Smart re-resolution. works=43, h=12, au_nz=False, derm=True, cross_verified=True, score=85"
Dr Shui Lyn  Koh,A5039354130,"Smart re-resolution. works=1, h=1, au_nz=False, derm=True, cross_verified=True, score=77"
Dr Werner  Sinclair,A5110482938,"Smart re-resolution. works=14, h=6, au_nz=False, derm=True, cross_verified=True, score=85"
A/Prof Douglas Gin,A5085969478,"Smart re-resolution. works=2, h=1, au_nz=True, derm=True, cross_verified=True, score=100"
Dr Charles Xie,A5110680680,"Smart re-resolution. works=9, h=7, au_nz=True, derm=True, cross_verified=True, score=100"
Dr Justin  Bui,A5081715298,"Smart re-resolution. works=26, h=8, au_nz=True, derm=True, cross_verified=True, score=100"
Dr Claire Elizabeth Grills,A5018031642,"Smart re-resolution. works=13, h=7, au_nz=True, derm=True, cross_verified=True, score=100"
Dr Ajay Kumar,A5112541324,"Smart re-resolution. works=286, h=41, au_nz=True, derm=False, cross_verified=True, score=90"
A/Prof Gayle Fischer,A5044429182,"Smart re-resolution. works=294, h=39, au_nz=True, derm=True, cross_verified=True, score=100"
Dr Shobhan  Manoharan,A5085887200,"Smart re-resolution. works=47, h=9, au_nz=True, derm=True, cross_verified=True, score=92"
Dr Thevaki  Wain,A5006758936,"Smart re-resolution. works=3, h=2, au_nz=True, derm=True, cross_verified=True, score=100"
Dr Bruno  Blaya Alvarez,A5013822061,"Smart re-resolution. works=2, h=2, au_nz=True, derm=True, cross_verified=True, score=100"
Dr Andrea  Tomizawa,A5007381136,"Smart re-resolution. works=1, h=0, au_nz=False, derm=True, cross_verified=False, score=85"
Dr Sarah Kirsten McDonald,A5063609999,"Smart re-resolution. works=4, h=2, au_nz=True, derm=True, cross_verified=True, score=92"
Dr Thomas Jonathan Stewart,A5006276166,"Smart re-resolution. works=112, h=18, au_nz=True, derm=True, cross_verified=True, score=100"
Dr Kate DeAmbrosis,A5075556725,"Smart re-resolution. works=1, h=1, au_nz=True, derm=False, cross_verified=False, score=90"
Dr Andrew Charles Miller,A5103198015,"Smart re-resolution. works=30, h=12, au_nz=True, derm=False, cross_verified=True, score=90"
Dr Gul  Erkin Ozaygen,A5046999463,"Smart re-resolution. works=6, h=3, au_nz=False, derm=True, cross_verified=False, score=62"
Dr Gerrie Becker,A5010032534,"Smart re-resolution. works=1, h=1, au_nz=True, derm=False, cross_verified=False, score=90"
Dr Andrew Chih-Chieh Chen,A5043282205,"Smart re-resolution. works=3, h=2, au_nz=True, derm=True, cross_verified=False, score=100"
Dr William Archer Berry,A5059344851,"Smart re-resolution. works=47, h=11, au_nz=True, derm=False, cross_verified=True, score=90"
Dr Louis Chan,A5008383258,"Smart re-resolution. works=51, h=34, au_nz=True, derm=False, cross_verified=False, score=90"
Dr Sara  Sabourirad,A5040861495,"Smart re-resolution. works=13, h=3, au_nz=True, derm=True, cross_verified=True, score=100"
Dr Burcu  Kim,A5014705000,"Smart re-resolution. works=2, h=2, au_nz=True, derm=True, cross_verified=True, score=100"
Dr Yan  Pan,A5023358599,"Smart re-resolution. works=151, h=34, au_nz=False, derm=False, cross_verified=True, score=75"
Dr Sandeep  Kumar,A5019074218,"Smart re-resolution. works=429, h=44, au_nz=True, derm=False, cross_verified=True, score=90"
Dr Shiva  Baghaei,A5047231006,"Smart re-resolution. works=113, h=25, au_nz=False, derm=False, cross_verified=False, score=45"
Dr Gilberto Moreno Bonilla,A5057848257,"Smart re-resolution. works=17, h=4, au_nz=True, derm=True, cross_verified=True, score=100"
Dr Erin Mullan,A5079690275,"Smart re-resolution. works=3, h=2, au_nz=False, derm=True, cross_verified=True, score=85"
Dr Daram Singh,A5000916743,"Smart re-resolution. works=3, h=2, au_nz=True, derm=True, cross_verified=True, score=100"
Dr Samuel Antranig Der Sarkissian,A5103920109,"Smart re-resolution. works=3, h=3, au_nz=True, derm=True, cross_verified=True, score=100"
Dr Niyati  Sharma,A5101264619,"Smart re-resolution. works=18, h=5, au_nz=True, derm=True, cross_verified=True, score=100"
Dr Kamaldeep  Sandhu,A5111946828,"Smart re-resolution. works=37, h=14, au_nz=False, derm=True, cross_verified=True, score=85"
Dr Wenyuan  Liu,A5100616410,"Smart re-resolution. works=397, h=41, au_nz=True, derm=False, cross_verified=True, score=90"
Dr Matthew John Warren,A5104018617,"Smart re-resolution. works=1, h=1, au_nz=False, derm=False, cross_verified=True, score=75"
Dr Yu-Chuan  Lee,A5012670374,"Smart re-resolution. works=7, h=3, au_nz=True, derm=True, cross_verified=True, score=92"
Dr Rose Congwei Liu,A5083646511,"Smart re-resolution. works=2, h=2, au_nz=True, derm=True, cross_verified=True, score=100"
Dr Julia Emma Joy Rhodes,A5012538350,"Smart re-resolution. works=2, h=2, au_nz=True, derm=False, cross_verified=True, score=90"
Dr Priyamvada  Sobarun,A5072396572,"Smart re-resolution. works=2, h=2, au_nz=True, derm=True, cross_verified=True, score=100"
Dr Ane Beatriz  Mautari Niwa Massaki,A5020998865,"Smart re-resolution. works=6, h=5, au_nz=False, derm=True, cross_verified=False, score=85"
Dr Nelly  Jang,A5031981183,"Smart re-resolution. works=1, h=1, au_nz=True, derm=True, cross_verified=True, score=100"
Dr Nisansala Mahenthi Nagodavithana,A5012112653,"Smart re-resolution. works=1, h=0, au_nz=True, derm=True, cross_verified=False, score=100"
Dr Sara Lee De Menezes,A5089259052,"Smart re-resolution. works=14, h=5, au_nz=True, derm=True, cross_verified=False, score=100"
Dr On Bon  Chan,A5018777284,"Smart re-resolution. works=9, h=4, au_nz=True, derm=True, cross_verified=True, score=100"
Dr Helena  Collgros Totosaus,A5091809379,"Smart re-resolution. works=1, h=1, au_nz=False, derm=False, cross_verified=True, score=75"
Dr Ritu  Gupta,A5032576109,"Smart re-resolution. works=451, h=35, au_nz=True, derm=False, cross_verified=True, score=90"
Dr Sam  Kalouche,A5060033451,"Smart re-resolution. works=2, h=1, au_nz=True, derm=True, cross_verified=True, score=100"
Dr Alfonso  Perez De Velasco,A5126065076,"Smart re-resolution. works=1, h=0, au_nz=False, derm=True, cross_verified=True, score=85"
Dr Jack Shannon,A5061899233,"Smart re-resolution. works=6, h=1, au_nz=True, derm=False, cross_verified=True, score=90"
Dr Alexander James Tedman,A5050672966,"Smart re-resolution. works=3, h=2, au_nz=True, derm=True, cross_verified=True, score=100"
Dr Bonita Choy,A5042286929,"Smart re-resolution. works=9, h=6, au_nz=True, derm=True, cross_verified=True, score=100"
Dr Patricia Margaret Lowe,A5087214355,"Smart re-resolution. works=56, h=17, au_nz=True, derm=True, cross_verified=True, score=100"
Dr Hock Cheng Chua,A5049389237,"Smart re-resolution. works=1, h=1, au_nz=True, derm=False, cross_verified=True, score=90"
Dr Matthew David Howard,A5071927070,"Smart re-resolution. works=29, h=10, au_nz=True, derm=True, cross_verified=True, score=100"
Dr David  Burdon-Jones,A5036020524,"Smart re-resolution. works=9, h=6, au_nz=True, derm=True, cross_verified=True, score=85"
Dr Mohamed Saleem Loghdey,A5021704459,"Smart re-resolution. works=1, h=1, au_nz=False, derm=True, cross_verified=True, score=85"
Dr Shueh-Wei  Lim,A5003894150,"Smart re-resolution. works=2, h=2, au_nz=True, derm=True, cross_verified=True, score=92"
Dr Koraisha  Hoosen,A5017026516,"Smart re-resolution. works=5, h=2, au_nz=False, derm=True, cross_verified=True, score=85"
Dr Philip  Bruder,A5064939640,"Smart re-resolution. works=1, h=1, au_nz=False, derm=True, cross_verified=True, score=85"
Dr Du-Chien Jean Marie Tan,A5011050671,"Smart re-resolution. works=6, h=3, au_nz=True, derm=True, cross_verified=True, score=70"
Dr James Young Joon Choi,A5030063800,"Smart re-resolution. works=27, h=12, au_nz=True, derm=True, cross_verified=True, score=100"
Dr Themis  Getsos Colla,A5081949803,"Smart re-resolution. works=6, h=4, au_nz=True, derm=True, cross_verified=True, score=100"
Dr James Michael Butler,A5100839584,"Smart re-resolution. works=4, h=1, au_nz=False, derm=False, cross_verified=True, score=75"
Dr John Francis Shannon,A5042567418,"Smart re-resolution. works=1, h=1, au_nz=False, derm=False, cross_verified=True, score=75"
Dr Irene  Grigoris,A5087219559,"Smart re-resolution. works=3, h=3, au_nz=True, derm=True, cross_verified=True, score=100"
Dr David Yu Shun Wong,A5015945824,"Smart re-resolution. works=1, h=1, au_nz=True, derm=True, cross_verified=True, score=100"
Dr Rachel Walther,A5109120112,"Smart re-resolution. works=3, h=1, au_nz=False, derm=False, cross_verified=True, score=75"
Dr Niamh Anna O'Sullivan,A5111502123,"Smart re-resolution. works=3, h=2, au_nz=True, derm=True, cross_verified=True, score=92"
A/Prof Anne Howard,A5074376223,"Smart re-resolution. works=199, h=16, au_nz=True, derm=True, cross_verified=False, score=100"
Dr Ann-Maree  Kurzydlo,A5098506751,"Smart re-resolution. works=1, h=1, au_nz=True, derm=True, cross_verified=True, score=92"
Dr Sudha  Anish,A5001493559,"Smart re-resolution. works=1, h=1, au_nz=False, derm=True, cross_verified=True, score=85"
Dr Matthew Gibson,A5072841592,"Smart re-resolution. works=391, h=63, au_nz=True, derm=False, cross_verified=True, score=90"
Dr Mark  Cicchiello,A5010663231,"Smart re-resolution. works=1, h=1, au_nz=True, derm=True, cross_verified=True, score=100"
Dr Victoria Rebecca Harris,A5041390355,"Smart re-resolution. works=39, h=12, au_nz=True, derm=True, cross_verified=True, score=100"
Dr Lauren Cordelia Young,A5109870477,"Smart re-resolution. works=2, h=2, au_nz=True, derm=True, cross_verified=True, score=100"
Dr Lei  Tong,A5063107775,"Smart re-resolution. works=157, h=36, au_nz=True, derm=False, cross_verified=True, score=90"
Dr Benjamin Silas Daniel,A5086530387,"Smart re-resolution. works=95, h=18, au_nz=True, derm=True, cross_verified=True, score=100"
Dr Niluka Dilrukshi Paththinige,A5098182344,"Smart re-resolution. works=1, h=1, au_nz=False, derm=False, cross_verified=True, score=75"
Dr Chen  Xie,A5042711716,"Smart re-resolution. works=182, h=48, au_nz=False, derm=False, cross_verified=True, score=75"
Dr Sue Yin  Ng,A5110236829,"Smart re-resolution. works=1, h=1, au_nz=False, derm=True, cross_verified=True, score=85"
Dr Timothy Gilbert Elliott,A5010913402,"Smart re-resolution. works=3, h=1, au_nz=True, derm=True, cross_verified=True, score=100"
Dr Christopher John Tyson,A5083400870,"Smart re-resolution. works=1, h=0, au_nz=False, derm=False, cross_verified=True, score=75"
Dr Philip Tong,A5058283254,"Smart re-resolution. works=40, h=12, au_nz=True, derm=True, cross_verified=True, score=100"
Dr Benjamin Charles Thompson,A5017975902,"Smart re-resolution. works=38, h=10, au_nz=True, derm=False, cross_verified=True, score=90"
Dr Edmund  Lobel,A5083673155,"Smart re-resolution. works=13, h=4, au_nz=True, derm=True, cross_verified=True, score=92"
Dr Pooja  Sharma,A5102883825,"Smart re-resolution. works=153, h=15, au_nz=True, derm=True, cross_verified=True, score=100"
Dr Nita Sally Agar,A5103341737,"Smart re-resolution. works=15, h=8, au_nz=True, derm=True, cross_verified=True, score=100"
Dr Lauren Anderson,A5018436398,"Smart re-resolution. works=153, h=27, au_nz=True, derm=False, cross_verified=True, score=90"
Dr Anne  O'Neill,A5071090270,"Smart re-resolution. works=90, h=26, au_nz=True, derm=True, cross_verified=False, score=85"
Dr Victoria Jane Mar,A5054196193,"Smart re-resolution. works=158, h=24, au_nz=True, derm=True, cross_verified=True, score=100"
Prof Dédée Murrell,A5015473226,"Smart re-resolution. works=7, h=2, au_nz=True, derm=True, cross_verified=True, score=100"
Dr Abdul Basit Mirza,A5017616236,"Smart re-resolution. works=53, h=12, au_nz=False, derm=False, cross_verified=True, score=75"
Dr Sue Yen Michelle Goh,A5010985671,"Smart re-resolution. works=79, h=19, au_nz=True, derm=True, cross_verified=True, score=70"
Dr Lisa Abbott,A5013223539,"Smart re-resolution. works=27, h=9, au_nz=True, derm=True, cross_verified=True, score=100"
Dr George Andrew Varigos,A5108082559,"Smart re-resolution. works=53, h=22, au_nz=True, derm=True, cross_verified=True, score=100"
Dr Jesse James Johnston,A5091847142,"Smart re-resolution. works=1, h=1, au_nz=False, derm=True, cross_verified=False, score=85"
Dr Yit Nah  Lau,A5082786330,"Smart re-resolution. works=7, h=4, au_nz=False, derm=True, cross_verified=True, score=77"
Dr Boon Tiong Tan,A5017865826,"Smart re-resolution. works=7, h=1, au_nz=True, derm=False, cross_verified=True, score=90"
Dr Duncan Graham Stanford,A5123953838,"Smart re-resolution. works=1, h=0, au_nz=True, derm=True, cross_verified=True, score=100"
Dr Kavita  Enjeti,A5119124695,"Smart re-resolution. works=1, h=0, au_nz=False, derm=True, cross_verified=True, score=85"
Dr Tevi Wain,A5003509511,"Smart re-resolution. works=5, h=4, au_nz=True, derm=True, cross_verified=True, score=100"
Dr Alana Jane Tuxen,A5112171476,"Smart re-resolution. works=8, h=5, au_nz=True, derm=True, cross_verified=True, score=92"
Dr Sarah Kym Morton,A5102900465,"Smart re-resolution. works=15, h=6, au_nz=True, derm=True, cross_verified=True, score=100"
Dr Ian  McColl,A5029459611,"Smart re-resolution. works=203, h=30, au_nz=True, derm=True, cross_verified=True, score=100"
Dr Simone Goldinger,A5008000580,"Smart re-resolution. works=177, h=41, au_nz=True, derm=True, cross_verified=True, score=100"
Dr Pradeep  Kumar,A5100762164,"Smart re-resolution. works=416, h=49, au_nz=True, derm=False, cross_verified=True, score=90"
Dr Yvonne Bao Ngoc Nguyen,A5113805189,"Smart re-resolution. works=2, h=0, au_nz=False, derm=False, cross_verified=True, score=75"
Dr Su-Lin  Chan,A5086053373,"Smart re-resolution. works=3, h=2, au_nz=True, derm=True, cross_verified=True, score=92"
Dr Quynh Van Le,A5078053983,"Smart re-resolution. works=3, h=2, au_nz=True, derm=True, cross_verified=True, score=100"
Dr Carol Chiu Yen Oh Adib,A5086133541,"Smart re-resolution. works=1, h=0, au_nz=False, derm=True, cross_verified=True, score=85"
Dr Raquel Mery Ruiz Araujo,A5033205470,"Smart re-resolution. works=1, h=1, au_nz=False, derm=False, cross_verified=False, score=40"
Dr Bishakha  Rajagopalan,A5052370797,"Smart re-resolution. works=25, h=6, au_nz=True, derm=True, cross_verified=True, score=92"
Dr Alexander John Chamberlain,A5074796401,"Smart re-resolution. works=79, h=17, au_nz=True, derm=True, cross_verified=True, score=92"
Dr Prateek  Sharma,A5108803231,"Smart re-resolution. works=129, h=32, au_nz=True, derm=False, cross_verified=True, score=90"
Dr Amit Kumar Verma,A5100682489,"Smart re-resolution. works=124, h=23, au_nz=True, derm=False, cross_verified=True, score=90"
Dr Tahereh  Taklif,A5107011288,"Smart re-resolution. works=1, h=0, au_nz=False, derm=True, cross_verified=True, score=85"
Dr Mei Mui Tam,A5009396651,"Smart re-resolution. works=30, h=15, au_nz=True, derm=True, cross_verified=True, score=100"
Dr Andrea  Jopp-McKay,A5076155144,"Smart re-resolution. works=12, h=6, au_nz=True, derm=True, cross_verified=True, score=92"
Dr Robert Rosen,A5042482468,"Smart re-resolution. works=60, h=15, au_nz=True, derm=True, cross_verified=True, score=100"
Dr Eric  Waine,A5026164600,"Smart re-resolution. works=1, h=0, au_nz=False, derm=False, cross_verified=False, score=45"
Prof Deshan Sebaratnam,A5005957821,"Smart re-resolution. works=172, h=25, au_nz=True, derm=True, cross_verified=True, score=100"
Dr Anne Elizabeth Lewis,A5027321419,"Smart re-resolution. works=1, h=0, au_nz=False, derm=False, cross_verified=True, score=75"
Dr Juliana  Miglio Bensabat Junger,A5010836097,"Smart re-resolution. works=1, h=0, au_nz=False, derm=False, cross_verified=True, score=75"
Dr Matthew James Palmer,A5103728443,"Smart re-resolution. works=1, h=0, au_nz=False, derm=False, cross_verified=False, score=45"
Dr Rochelle  Gild,A5032935976,"Smart re-resolution. works=3, h=3, au_nz=True, derm=True, cross_verified=True, score=100"
Dr Matthew James Lin,A5078377550,"Smart re-resolution. works=2, h=1, au_nz=True, derm=True, cross_verified=True, score=100"
Dr Supriya  Venugopal,A5041927161,"Smart re-resolution. works=24, h=11, au_nz=True, derm=True, cross_verified=True, score=100"
Dr David Vincent Gill,A5072871425,"Smart re-resolution. works=12, h=3, au_nz=False, derm=False, cross_verified=True, score=75"
Dr Diana  Tran,A5040337369,"Smart re-resolution. works=144, h=44, au_nz=True, derm=False, cross_verified=True, score=90"
Dr Shallu  Khurana,A5032876676,"Smart re-resolution. works=4, h=2, au_nz=True, derm=True, cross_verified=True, score=100"
Dr Clare Koh,A5069869788,"Smart re-resolution. works=2, h=2, au_nz=True, derm=False, cross_verified=True, score=90"
Prof Ingrid Margaret Winship,A5076928530,"Smart re-resolution. works=496, h=60, au_nz=True, derm=False, cross_verified=True, score=90"
Dr Lee Mei Yap,A5109236701,"Smart re-resolution. works=2, h=2, au_nz=True, derm=False, cross_verified=True, score=82"
Dr Ritva  Vyas,A5084801655,"Smart re-resolution. works=15, h=7, au_nz=True, derm=True, cross_verified=True, score=100"
Dr Daniel Thomas Hewitt,A5017046391,"Smart re-resolution. works=512, h=88, au_nz=True, derm=False, cross_verified=False, score=60"
Dr Rowland Robert Noakes,A5071038262,"Smart re-resolution. works=26, h=7, au_nz=True, derm=True, cross_verified=True, score=100"
Dr John  Frewen,A5048693221,"Smart re-resolution. works=18, h=4, au_nz=True, derm=True, cross_verified=True, score=100"
Dr Esther Hong,A5110447700,"Smart re-resolution. works=45, h=16, au_nz=True, derm=True, cross_verified=True, score=100"
Dr Lior  Sagi,A5109062409,"Smart re-resolution. works=9, h=6, au_nz=False, derm=True, cross_verified=True, score=85"
Dr Eleni Peta Anthony,A5061738470,"Smart re-resolution. works=10, h=3, au_nz=True, derm=True, cross_verified=True, score=100"
Dr Josie Yeatman,A5035494788,"Smart re-resolution. works=1, h=1, au_nz=True, derm=False, cross_verified=True, score=90"
Dr Young Jin  Kim,A5100387376,"Smart re-resolution. works=966, h=72, au_nz=True, derm=False, cross_verified=True, score=85"
Dr Kevin Phan,A5017351355,"Smart re-resolution. works=625, h=74, au_nz=True, derm=True, cross_verified=True, score=95"
Dr Keng  Chen,A5050579675,"Smart re-resolution. works=93, h=20, au_nz=True, derm=False, cross_verified=True, score=90"
Dr Peter Anthony Foley,A5000398504,"Smart re-resolution. works=299, h=51, au_nz=True, derm=True, cross_verified=True, score=100"
Dr Edmund Pei Yi Wee,A5047279488,"Smart re-resolution. works=30, h=11, au_nz=True, derm=True, cross_verified=False, score=100"
Dr Kathleen  Wang,A5001214460,"Smart re-resolution. works=15, h=8, au_nz=False, derm=False, cross_verified=True, score=75"
Dr Rashi  Malesu,A5087679293,"Smart re-resolution. works=1, h=0, au_nz=True, derm=True, cross_verified=True, score=100"
Dr Penny Poh Lu Lim,A5110425484,"Smart re-resolution. works=1, h=1, au_nz=True, derm=True, cross_verified=True, score=100"
Dr Nicholas Stewart,A5109152655,"Smart re-resolution. works=27, h=7, au_nz=True, derm=True, cross_verified=True, score=100"
Dr Olivia Jean Milne,A5089361198,"Smart re-resolution. works=1, h=1, au_nz=True, derm=True, cross_verified=True, score=100"
Dr Shikha Chugh,A5054104590,"Smart re-resolution. works=27, h=11, au_nz=False, derm=True, cross_verified=True, score=85"
Dr Fatemeh  Arianejad,A5036395362,"Smart re-resolution. works=2, h=1, au_nz=True, derm=True, cross_verified=True, score=100"
Dr Kendall Katie Sharpe,A5013987995,"Smart re-resolution. works=3, h=3, au_nz=True, derm=False, cross_verified=True, score=90"
Dr Maddie Gorji,A5089295636,"Smart re-resolution. works=2, h=2, au_nz=True, derm=True, cross_verified=True, score=100"
Dr Douglas  Czarnecki,A5087425422,"Smart re-resolution. works=59, h=20, au_nz=True, derm=True, cross_verified=True, score=92"
Dr Jennifer  Yip,A5004177462,"Smart re-resolution. works=135, h=40, au_nz=False, derm=False, cross_verified=True, score=75"
Dr Judith Mary Cole,A5020967828,"Smart re-resolution. works=22, h=10, au_nz=True, derm=True, cross_verified=True, score=100"
Dr Glenn  Parham,A5066496800,"Smart re-resolution. works=1, h=1, au_nz=True, derm=False, cross_verified=True, score=90"
Dr Piyu Parth Naik,A5024236582,"Smart re-resolution. works=34, h=14, au_nz=False, derm=True, cross_verified=True, score=85"
Dr Vanathy  Varathan,A5038845308,"Smart re-resolution. works=3, h=2, au_nz=True, derm=True, cross_verified=True, score=100"
Dr Russell Hills,A5004986152,"Smart re-resolution. works=2, h=2, au_nz=True, derm=False, cross_verified=True, score=90"
Dr Raymond Alexander Cocciolone,A5034870896,"Smart re-resolution. works=1, h=1, au_nz=True, derm=False, cross_verified=True, score=90"
Dr Angelica  Tjokrowidjaja,A5089133510,"Smart re-resolution. works=1, h=1, au_nz=True, derm=True, cross_verified=True, score=100"
Dr David William Jenkins,A5103545146,"Smart re-resolution. works=8, h=6, au_nz=False, derm=False, cross_verified=True, score=75"
Dr Philippa Ruth Dickison,A5023714138,"Smart re-resolution. works=1, h=0, au_nz=False, derm=False, cross_verified=False, score=75"
Dr Sally Elizabeth De Zwaan,A5053162408,"Smart re-resolution. works=2, h=1, au_nz=True, derm=True, cross_verified=True, score=100"
Dr Harvey Ronald Smith,A5058201255,"Smart re-resolution. works=46, h=18, au_nz=True, derm=True, cross_verified=True, score=92"
Dr Sudipta  Daly,A5101648549,"Smart re-resolution. works=1, h=1, au_nz=True, derm=False, cross_verified=True, score=90"
Adj A/Prof Gregory Siller,A5041267982,"Smart re-resolution. works=8, h=8, au_nz=True, derm=True, cross_verified=True, score=100"
Dr Desmond Chia Chin Gan,A5109906452,"Smart re-resolution. works=1, h=1, au_nz=True, derm=True, cross_verified=True, score=100"
Dr Suresh  Chandra,A5009422460,"Smart re-resolution. works=533, h=45, au_nz=True, derm=False, cross_verified=True, score=90"
Dr Matheen  Mohamed,A5018075216,"Smart re-resolution. works=8, h=3, au_nz=True, derm=True, cross_verified=True, score=100"
Dr Andrew Lee,A5100450503,"Smart re-resolution. works=158, h=41, au_nz=True, derm=False, cross_verified=True, score=90"
Dr Sarvjit  Kumari,A5038651212,"Smart re-resolution. works=1, h=1, au_nz=False, derm=True, cross_verified=True, score=85"
Dr Nikki Rae Adler,A5007918003,"Smart re-resolution. works=69, h=15, au_nz=True, derm=True, cross_verified=True, score=100"
Dr Shally  Gupta,A5082255813,"Smart re-resolution. works=40, h=9, au_nz=True, derm=True, cross_verified=True, score=100"
Dr Yin Yin Vun,A5004730122,"Smart re-resolution. works=12, h=9, au_nz=True, derm=True, cross_verified=True, score=100"
Dr Philip James Clarke,A5012277150,"Smart re-resolution. works=1416, h=128, au_nz=True, derm=False, cross_verified=False, score=62"
Dr Alvand  Amiri,A5000468851,"Smart re-resolution. works=1, h=1, au_nz=True, derm=True, cross_verified=True, score=100"
Dr My Co Tran,A5051251797,"Smart re-resolution. works=1, h=1, au_nz=True, derm=False, cross_verified=True, score=90"
Dr Jemima  Fisher,A5053957923,"Smart re-resolution. works=2, h=2, au_nz=True, derm=True, cross_verified=True, score=100"
Dr Joshua Angelo Elakis,A5005735274,"Smart re-resolution. works=2, h=2, au_nz=True, derm=True, cross_verified=True, score=100"
Dr Jazlyn  Read,A5102968043,"Smart re-resolution. works=36, h=13, au_nz=True, derm=True, cross_verified=True, score=92"
Dr Alexis Daniel Lara Rivero,A5126815191,"Smart re-resolution. works=1, h=0, au_nz=True, derm=True, cross_verified=False, score=100"
Dr Emily Ximin Shao,A5004931959,"Smart re-resolution. works=62, h=10, au_nz=True, derm=True, cross_verified=True, score=92"
Dr Aaron James Robinson,A5105758110,"Smart re-resolution. works=4, h=2, au_nz=True, derm=False, cross_verified=True, score=90"
